ward,target_pct_vunerable
00A93O0,
01V40KO,
01ZHVW0,
028YQJX,
02G8W11,
03RU77Q,
0935C30,
0DCE4FB,
0DUEHMX,
0FTXTHP,
0FXECHK,
0HCX91F,
0IKGARI,
0JRGKQ4,
0KTSEXR,
0M6MX2A,
0P8S06V,
0PBSOBF,
0PNJX5M,
0RA7XHK,
0S7C4DH,
0TRP3ER,
0US7N2T,
0WS5BT8,
0XABPKH,
0XE31PI,
0Y0V3J8,
0YPOXHL,
0ZFUG7F,
105NU2D,
10OB8IW,
14EYJ6K,
151LFIB,
17FACUG,
18M5SKB,
1B4JFVL,
1BF4WMH,
1BIEG1U,
1C2TVDR,
1C48ZJ2,
1CMO0Y4,
1CUTFTD,
1DNN5IJ,
1FG5H0O,
1IOYQOT,
1JBNE5I,
1LGRAYJ,
1O20G6P,
1PD72TN,
1Q75HEP,
1RW5NMZ,
1SZBSWT,
1U5BC3L,
1WAZ8Q0,
1YE6439,
1YIF2RN,
215TAPC,
22DG8AR,
233CS64,
24JY8CX,
24OX2ZO,
24WYRNI,
257YM8M,
26I3DN0,
26RDOIK,
2861T51,
28FV4CA,
28XXOHY,
2B8E3IA,
2BFC9MJ,
2D2Z50D,
2DF76GS,
2EEDA3F,
2FO0WKT,
2H6Z1TB,
2IZ2FOA,
2KJIQI4,
2L6Z5NV,
2LDKL4U,
2MDACB3,
2MQD51O,
2OAIZ4C,
2OU52SS,
2QKDSRB,
2R2BYQK,
2RFLYH2,
2SNGXJS,
2SZ6BB2,
2U3Z9GM,
2VQN76H,
2WJG38Y,
2WN9P3F,
2WNNN6R,
2ZDX7JP,
2ZJX6E6,
3369B4X,
33AU2EF,
34HQTD8,
34JHI35,
37HAXAE,
38QC76K,
3ARUZR4,
3C8W5V6,
3CAYCPX,
3CI0CKX,
3D0HQS7,
3EA16E7,
3EHDLM2,
3EXPKHN,
3F2D9F0,
3F9T39K,
3G0G6A3,
3HJ2SJ7,
3IMSK3F,
3IO8T7J,
3K1QDO6,
3PSGNSV,
3PUBSAF,
3Q1BEBW,
3RCTMF2,
3RL23LD,
3VGPDZ5,
3W7QZ5P,
3XCKC70,
3Y7OY4T,
3Z7B62W,
40LFOGC,
40PHH7U,
42DZQJA,
45AI1QH,
47ICDLY,
47XV4P3,
485MJWX,
49HVKTG,
49ZGNCJ,
49ZNW7E,
4D6H3V3,
4DARAWK,
4DBURYH,
4IJL6PQ,
4K01HCW,
4KVOUFG,
4MUT93Q,
4OMEQQM,
4OU1J1Z,
4QIL7U4,
4RFNZ3K,
4RGXG6V,
4SSME9C,
4SXBIRR,
4TAUY40,
4ULD0F5,
4UUST6G,
4W49QH5,
4W9H5MR,
4ZOI3KZ,
50JGUDC,
51J42OG,
52P1YPZ,
5404OVK,
54ILT9A,
54VKXXW,
56AJT4M,
58DQFW2,
59A2WAI,
59W1R31,
5CGFJF4,
5EI2I07,
5ELWVGE,
5F2CTMZ,
5HVS35S,
5JE13GA,
5K5GJFJ,
5KKOYMO,
5L3M523,
5LVF7CU,
5MM3YQB,
5N0URLB,
5N6EZ1S,
5S3ELYF,
5TBBZQV,
5WGC8R7,
5WN9VZF,
5Y31GRR,
5YAG9SP,
62E22PQ,
652X54R,
65VFJHC,
678EWN0,
683T0RS,
6AFF1OZ,
6C3151N,
6D2WD86,
6D96UPF,
6EY3N45,
6F42S01,
6H5XB06,
6HBMUQ1,
6HR8849,
6I2ADVC,
6KA2MF9,
6NY6KYD,
6O6VZL4,
6OC1RD0,
6PSLJ54,
6QNQRT1,
6RGO7XW,
6S3AVBJ,
6W07TP6,
6WIZX7C,
6WKWAXF,
6WRMCTV,
6XO9WKJ,
6Z0AG00,
6ZX6KZY,
70QTSOC,
70QWCQN,
70TT5RG,
722FB2E,
727BLLN,
72N4VXM,
72QMGGF,
7376KM2,
74ZW69I,
75INALX,
7674G9Z,
76PGI5C,
76XL1DS,
7871DQY,
78NCRDD,
7B9PJ46,
7BA3P7L,
7BGQBZS,
7CESXKA,
7EYP4G0,
7G31XF6,
7H1DT0M,
7H26K3P,
7HJI3YZ,
7HS8XBV,
7J63FDQ,
7KMO5P0,
7KW3SI1,
7LF7KJA,
7LP4WWS,
7LR536E,
7O4GI7N,
7O5642F,
7OGTH2F,
7OPTXE8,
7QEL4LH,
7TCN6IW,
7V98R2Q,
7Y2MHA7,
7YI3CHO,
7YL7D6W,
7Z6YOV0,
7ZGJQ2R,
80PSDM6,
80YBLWC,
82JCYHJ,
83TRY6G,
88NI79C,
8CO88MA,
8F9XEV0,
8H1ZG4F,
8H7C2ZL,
8J4DMMT,
8JAW9CN,
8JIS8H6,
8LYR33E,
8M6KSB8,
8PIZIXD,
8Q4ZXKO,
8RZT1QY,
8TZ31BD,
8U22RRT,
8VMATWP,
8W7VAH2,
8W9J3U3,
8Z4XDBI,
8ZSIWPM,
91KR9VT,
933QAGH,
95NNRDB,
96MA3AF,
97CLVP8,
98S7F3M,
99AOQGC,
9AWIFKJ,
9BERHOH,
9BFNNF9,
9C9NGOA,
9ECLL9Z,
9HS5M9Z,
9HTBUN6,
9ISLQ60,
9J02E7F,
9L7B971,
9ONYDLE,
9PDHCA1,
9PFP18S,
9RF4OHB,
9RIXRTY,
9T55WOP,
9TGSTW6,
9UNT4JY,
9YGQZWQ,
A1OF2EL,
A29CQ8L,
A5LQQ0D,
A7J2YLO,
A8KQLUM,
AB21C6W,
AERL2RY,
AEUUU5U,
AG7R283,
AJCA5P8,
AJFPZZZ,
AJSS5A1,
AKB182C,
ALDWH1X,
AM4T8JY,
AM5E92T,
APPXPKB,
AQFXYE9,
AS5JRV6,
ATKC6E1,
ATRGY6V,
AUCA4KA,
AVHWRWG,
AWTEJT5,
AXMPXBT,
AYSTXS1,
AZ4NS9X,
AZK6D4H,
B21VKS3,
B2V9IKE,
B3NCMQS,
B6975OR,
B6KREXD,
B8VHYMI,
BDM72I6,
BE7TGCB,
BEQU1O6,
BEZN5NA,
BI9LJ9F,
BILX913,
BJYZ72X,
BJZYAU2,
BK5HDYT,
BKM3H10,
BOHWVWP,
BOTF02V,
BPBJ33N,
BQKYO2C,
BVMB1WZ,
BX0I0XW,
BXZ5ECW,
C0J0F1P,
C30U17K,
C4CD8HR,
C5R886J,
C8CSK7D,
CAF3OAU,
CB1QAVX,
CDOQIA6,
CEQ729A,
CF0FDBB,
CGZRMFT,
CHGGEJ4,
CI7SWQC,
CKSFQXT,
CMDVTUQ,
CMEGM3B,
CMVQOK5,
CNC6RMY,
CQDFDC9,
CR90ZYN,
CRA8AXR,
CRM7XGR,
CSJMN94,
CSQ8ONL,
CUA2D7G,
CVYLZ5L,
CXWW04U,
D4GH9YU,
D4KYOVL,
D506X95,
D5RMK4N,
D6IG1OR,
DC8TVXY,
DCNHKH1,
DCQAJD1,
DD34F1L,
DE427GM,
DEYZCCS,
DFTL7CQ,
DHC5KRP,
DHEVN3I,
DHQ9UFQ,
DK4DWMH,
DK7XROB,
DLB3WRH,
DLG0XMA,
DLRMPO2,
DMYKPR4,
DPXRQX4,
DT1A9E3,
DTMHZ6T,
DUCAFUH,
DVTE2AN,
DXL30LA,
DXXUNY9,
DY5YNRV,
E1FC68F,
E2ILHEI,
E2MT71O,
E2O8E0S,
E4ESNDQ,
E64E4F2,
E8WJ4D6,
E9L6ARS,
E9VZB68,
EAX9J3P,
EDRQNYR,
EG65A2B,
EGZPSVI,
EH228C3,
EHCONME,
EHQZ4Y4,
EIO9DRQ,
EJVC014,
EKDFDQ7,
EO8BCE9,
EP486A2,
EQO0H5O,
EQYUT34,
EU9U747,
EUCT2HM,
EWWBQKS,
F0XCLZ9,
F2C382V,
F4TDEO1,
F4WT22B,
F4X93YN,
F615LRG,
F6IUZUE,
F8L4C24,
F97GO45,
FAJGHMF,
FALCTGY,
FBCRMC6,
FBSIOFN,
FC5H2XI,
FE4YE1C,
FEGUXNF,
FG6RFSL,
FH3L9HI,
FL647DD,
FL9EGRN,
FLUBYBI,
FMQPOZ2,
FMVQMD6,
FO9ZIP1,
FP4US02,
FQUA0G8,
FRKT13D,
FRYE2T3,
FSKQ43U,
FT4FYXF,
FT5NICP,
FTFBY3X,
FTIG3NA,
FUNSQ0P,
FUTQFXD,
FWL6RHB,
FYGWYUA,
FYTPD4G,
FZYBHN0,
G1IGQ85,
G2UPTB4,
G351CWK,
G3WNH2P,
G4DSUVR,
G65EE2X,
G6PSA7A,
G7SVLIP,
G87ZFLI,
GAHA6EE,
GCJ2R0O,
GCR9H4I,
GDESAIV,
GFA2A6P,
GHY7KTV,
GJOSYVF,
GL8ZFZL,
GLPX4S2,
GM4HYV5,
GNII8UH,
GR09SH6,
GRF7F86,
GS0GUX3,
GSSEWG6,
GVK341T,
GXE9IT5,
GXFDASD,
GYP1U5X,
GYZZQUR,
H051PQS,
H068AI4,
H0BQSMC,
H0CW9H7,
H2BBFBM,
H2FHGXX,
H5ZFFVP,
H6B0IBN,
H84XHH0,
H98LHW6,
HAICAXI,
HB6C2VM,
HB8UE93,
HDC1SOW,
HEHYAN3,
HFMBQ2K,
HGF3YM1,
HJ0J8A4,
HJFNQ4Z,
HKJAHMJ,
HN2VQUN,
HNODGSZ,
HO8AH09,
HOMRBI3,
HOXIMWQ,
HOZAVUD,
HP6L7CU,
HP7G5SI,
HPDJVKT,
HPOTGMM,
HS3ZUIC,
HSBI33P,
HSQJD7X,
HTMSKQH,
HUOBPRT,
I08O4A2,
I0S99NO,
I1FLB1X,
I30EI2M,
I5XXEP6,
I64GJA9,
I6CB7TV,
I6K3TX3,
I7EWJKO,
I915T3L,
IBG3UBW,
IBRH0UK,
IBT03YF,
IEEF6U2,
IERSARJ,
IGRN0CD,
IGYTPRV,
IL6AXV2,
ILTB4TJ,
INQ0595,
IPJXBNX,
IQ6B52M,
IRJC07R,
IROJ9OQ,
IS3U4NX,
ISR4UP5,
IUF7U02,
IZWTRY8,
J13VWU8,
J9ZC8KQ,
JA5IZI6,
JADS7KZ,
JDITQLL,
JDS11FP,
JERFJPA,
JGRAFZR,
JILOBHL,
JJXZ413,
JK0JD5Q,
JO23YAB,
JOEY6VD,
JONLVA3,
JOVNCCD,
JP7G0TJ,
JPLEKFP,
JQIKVQB,
JQLQPLT,
JRCABOC,
JU7L4Z8,
JVGSVUU,
JWB66T9,
JWU18S5,
JWUNRHJ,
JXEEO4C,
JZGQJ8S,
K0N9P1U,
K0X7GEF,
K10QAFA,
K1BHMVT,
K1GUNP7,
K2LRVIV,
K41CN5K,
K6RTCX4,
K8W0QKS,
KAL2K6J,
KAVI2N7,
KBFI436,
KDW4FH2,
KFY6NQP,
KH965L6,
KHA8AKR,
KHZD78Z,
KIPA1Z1,
KL0XRM7,
KMQIOPL,
KNTFONZ,
KOG35ZD,
KR4ZVZU,
KRILFSB,
KT0IR8S,
KT4DCML,
KT4DV8U,
KV9S7BO,
KYV0YPK,
KYWK5FL,
KZ6HHR7,
KZ9I7G4,
KZDA0TR,
L14R619,
L14TI9W,
L296CLJ,
L2SH4Z3,
L3108JM,
L3M3MP4,
L3RDZF7,
L5KP644,
L90MOJU,
LABCTSY,
LB9DYZX,
LBJ4V47,
LCNON4M,
LE0ZIZO,
LI27M5L,
LJ2XPP0,
LJX33VY,
LN1CZWZ,
LNGUZ2C,
LNLWG10,
LNNL1RQ,
LOA8BK5,
LOZM079,
LR7MT81,
LRJ3LYZ,
LTSRY8L,
LU5H6KW,
LVDXGC6,
LWVVA1Q,
LXFQZIP,
LXQNDTB,
LY89Y4W,
LYFZXE7,
M0L2YZI,
M0RK3DS,
M3G1XV8,
M4HMED4,
M8H3UGM,
MAGHREI,
MB9HM4N,
MBCPBZ6,
MCHTPDO,
MDDALNY,
MDY5G9V,
MFN67G9,
MHNMH6Z,
MIG763X,
MJLGMEK,
MJO75IU,
MKVHOLH,
MM37PJI,
MMCJPLL,
MMTJANS,
MN59YXM,
MOC9YLU,
MOI31TE,
MQ3XADH,
MSXTFXP,
MTBC19M,
MVXMSBI,
MX9JAX5,
MXWBZDB,
MYKRT2F,
MZOQHE1,
N01GIXS,
N04RVND,
N06USYP,
N2KF0V7,
N4NLMES,
N7GJMJC,
N7HHK3S,
N7ZUKG2,
N9T6VLM,
NAYJB10,
ND0JYDB,
NDL8SYB,
NGHQY9E,
NGPVLJR,
NI07H6B,
NIV1PX6,
NIZ8E6V,
NJBXEA9,
NJCV4SV,
NK25JX7,
NK595I5,
NKJZ0P2,
NLSHK5G,
NM86P1X,
NMJ91KT,
NMOE9MS,
NMQB7KY,
NOGV1OL,
NS1NM6I,
NT4Q0ZN,
NTE87ZD,
NU8EA7A,
NUJU0CV,
NW13DAE,
NW3L55I,
NXU1FAJ,
NYODCCH,
NYX6H0Y,
NYY0XPX,
NZJ061W,
O0B0W9W,
O2RJ5K0,
O44FHVP,
O54VQNV,
O66E2GD,
O6BUZ4X,
O72ZAMH,
O8TLCHZ,
OAJK6MW,
OAUV81P,
OBMXWKQ,
ODNFJ1I,
OE6CHSJ,
OFISK6Z,
OGJCMH5,
OHHERMF,
OHRIL2J,
OIIQANC,
OJF3LBX,
OJFDFUL,
OJV6V0S,
OK14ZYP,
OK549UV,
OKR2Z1E,
ORDQF56,
OSU9FUF,
OTWHFDS,
OUDIE7M,
OV0H82B,
OWWO3TJ,
OY6MMSI,
P01O5SE,
P0AURVR,
P0PNAP5,
P0YRLF8,
P101U1Y,
P12LTXP,
P50W51Q,
P5DRBT5,
P6FYCS3,
P9TF6H0,
PBNG5I2,
PC3PTM2,
PCGXFAT,
PFZJUDY,
PG0TUFO,
PG8VHKY,
PGYPB96,
PM9ZGVN,
PMPI904,
PN2QXU4,
PN5AEJR,
PNJ2S96,
PPH0474,
PPOUS3C,
PQOZQ9W,
PR60JLQ,
PUR3YEG,
PUT5QUT,
PUWWXS3,
PUYBLCL,
PV7EBPS,
PVXKA3W,
PWC55BT,
PWQR8P5,
PWS7UD9,
PX46FE3,
PXXEFA4,
PZUN8NP,
Q1HNN28,
Q1PCL13,
Q2JRIJN,
Q5CFP2T,
Q6143KU,
Q6U5I4N,
Q8BIIZU,
QAMMRSD,
QAVLQCN,
QB85T37,
QBSVYYD,
QC4RN0Z,
QCIILW3,
QD2GE6I,
QDAV94C,
QDDDZYT,
QDPYL2U,
QFG60LS,
QGCAKZ6,
QH706K1,
QJWTY2B,
QL9SLDS,
QLFK8BS,
QN3PKLF,
QOEBOR8,
QRT7KJF,
QYE25PI,
R0XEUCT,
R3H5L23,
R48DF2L,
R5927WW,
R6LT29V,
R8YU11R,
R979NJ6,
RBAQOFV,
RBHGOKY,
RCQGWY3,
RDG6JOX,
RE3QZSQ,
RG750W1,
RHK3W5P,
RHTASON,
RIA9L1X,
RIWAT3Q,
RJN1OGL,
RKRR2HK,
RKX72I7,
RQ18H79,
RQ1U4BU,
RQID34P,
RS6CKPN,
RV6TP2Y,
RWWNTNS,
RX0JEQP,
RX6KMNP,
RXPYHF3,
RYFH3P3,
S0Y29Q5,
S2L6QF0,
S2Y87VX,
S4ZYSZU,
S99UBPA,
SBR1I5B,
SBYNJPC,
SCLUFL4,
SCMB4HS,
SDHV2E2,
SDLC84L,
SFW9WE4,
SHKI70P,
SHVSINU,
SISXQO1,
SK239FE,
SLWT623,
SOWKV4B,
SQY1S3T,
SRML5XX,
SSEAUO8,
ST21GGG,
STSE3UQ,
SUO3D2H,
SWFDSHK,
SWKZV33,
SXSHSV4,
SYOY7YP,
SZYVVAJ,
T16HRPB,
T3FQ1IO,
T550RFY,
T6GPZ9H,
T76P2C4,
T87F8W7,
T91IVRT,
T9DMXO7,
TA0D4P0,
TA8ZG38,
TAHVMK0,
TB7TL8P,
TCUK28W,
TD4M9IK,
TDAXQX1,
TE59SSX,
TGOMFD8,
TH952D6,
TI0U4IY,
TJ40R7Z,
TKML29Z,
TKY534E,
TLBPRJT,
TLRP1RN,
TM2BCK1,
TNDL3KQ,
TOC5EQQ,
TOM8OZI,
TORWZ2S,
TPQ42FD,
TQK8SE6,
TS6ARCC,
TSIHOGS,
TSSOEEC,
TV0NYBT,
TVCIMNO,
U26ISD7,
U3KWRHP,
U7CE78T,
U7OFXYN,
UCERMV9,
UDRXCVI,
UDVPP7H,
UDVQQGH,
UEMFQN8,
UEPBGEN,
UFQYCD6,
UG4033A,
UGBKXR4,
UHH0JMJ,
UII41SH,
UJHDJHG,
UJUYOLI,
UKFHU8P,
ULKCFXQ,
UMXNA7S,
UNXLCFA,
UOTYB4Z,
UPLYPDZ,
URDFM9C,
UUYQ8U8,
UWC9O6R,
V17SWCB,
V4AG3BZ,
V4TGYUD,
V55FAD9,
V6J7H8M,
V6KT9YF,
V72HTL3,
V7M38SK,
V82OVOR,
V8CR93T,
V8JIS8T,
V9AFHQD,
VA2T7KX,
VBABIFF,
VCGV5PO,
VCOS60V,
VGIYTG8,
VIYJ2S1,
VJ4J06X,
VKEJEZ4,
VKLQ39V,
VLTLL4G,
VLYY49A,
VQUNXHA,
VSI7BPX,
VSNMUB5,
VTI2CHZ,
VTYXS93,
VUBGIAF,
VUO6R2Z,
VWCFGYF,
VXNG30P,
VYMVWT9,
VYNVAPY,
VYWR87L,
VZEPXPG,
VZICCTI,
W0CNP79,
W2Z6J2Z,
W5T6T2N,
W6VEMPQ,
W7R3LVZ,
W9AWQ4O,
W9YLEKZ,
WBPJA6G,
WBVEPDT,
WG31KFR,
WG7DVB6,
WGWWSS0,
WJHOBLB,
WL27YXX,
WN4C63S,
WQ4CH8P,
WQ4YJXP,
WUSOYJK,
WV0SZOG,
X11R9DJ,
X2FJEJ4,
X55EOMC,
X73JLGE,
X7K5LU8,
X9G3F3Z,
XA2NBUP,
XAZ35LW,
XC8ETQL,
XDHC6GG,
XHQI8KL,
XIIGZTS,
XJRGZRJ,
XM7IJ8L,
XT6TNAN,
XT7CRZU,
XU5DGS2,
XU9XIXF,
XVZ2RIL,
XW1490D,
Y1119PM,
Y1M2G3O,
Y2V57FE,
Y3AKS6U,
Y3W7VYK,
Y4VZQZF,
Y5EMJGV,
Y7G7PMW,
Y80ASGS,
Y8LZQKT,
Y8Y08IC,
Y9EHU0R,
YAKYSNG,
YCMP3TK,
YDL00PC,
YE0GB1U,
YEZMCKP,
YF7VZYM,
YFO7J6P,
YHX5E97,
YJ5CIHU,
YJFF28O,
YJLAFIK,
YJTJ3L0,
YLM1PNU,
YMPLAGW,
YN8E8G6,
YNH3CWY,
YO2YZY4,
YORBIHJ,
YQ3FRP1,
YQU7L9F,
YV20EMP,
YV2IUYV,
YXAANFN,
YXK58V3,
YXLBNNQ,
YXLY3B3,
YZ5ZC6D,
YZ8PFXZ,
Z1A2M3S,
Z37PQTQ,
Z51GAXD,
Z6JMNCM,
Z792KK0,
Z9C6CFV,
ZAOFFCZ,
ZCIA93Q,
ZDJMCKC,
ZFB9S4P,
ZFM74S5,
ZH2B8CW,
ZHXKN8M,
ZHY9YK1,
ZLVOYMA,
ZM60DUE,
ZMIUDEL,
ZMNMD3T,
ZNEIOE5,
ZNKN081,
ZO1LB7F,
ZPENM3F,
ZPMPL47,
ZQFMQVU,
ZRAHMG2,
ZS0Z900,
ZSNE8SY,
ZUX503E,
ZV3KA4K,
ZV99Z7P,
ZVO9F7A,
ZVVA1LV,
ZXHN2A8,
